Test Case,Fault,Command
t263,"[1, 2, 3]",-P [../inputs/uslin.1375]
t1068,"[7, 8]",-P [../inputs/uslin.935]
t677,"[4, 9]",-P [../inputs/uslin.259]
t322,"[5, 6]",-P [../inputs/uslin.1464]
t238,"[4, 5]",-P [../inputs/uslin.1328]
t393,"[2, 3]",-P [../inputs/uslin.1583]
t462,"[4, 6]",-P [../inputs/uslin.1696]
t553,"[3, 8]",-P [../inputs/uslin.1831]
t656,"[6, 8]",-P [../inputs/uslin.219]
t659,"[2, 7]",-P [../inputs/uslin.222]
t760,"[2, 3]",-P [../inputs/uslin.416]
t761,"[2, 3]",-P [../inputs/uslin.416.noeof]
t772,"[2, 8]",-P [../inputs/uslin.44]
t813,"[1, 8]",-P [../inputs/uslin.501]
t917,"[3, 6]",-P [../inputs/uslin.688]
t1035,"[2, 9]",-P [../inputs/uslin.884]
t1074,"[3, 5]",-P [../inputs/uslin.943]
t1076,"[1, 8]",-P [../inputs/uslin.947]
t2,[1],-P [../inputs/jk10]
t10,[1],-P [../inputs/jk18]
t12,[1],-P [../inputs/jk2]
t22,[1],-P [../inputs/jk29]
t25,[1],-P [../inputs/jk31]
t31,[1],-P [../inputs/jk37]
t40,[1],-P [../inputs/jk45]
t42,[1],-P [../inputs/jk47]
t46,[1],-P [../inputs/jk50]
t49,[1],-P [../inputs/jk8]
t78,[2],-P [../inputs/uslin.1025]
t103,[3],-P [../inputs/uslin.1065]
t128,[2],-P [../inputs/uslin.1109]
t131,[4],-P [../inputs/uslin.1113]
t136,[3],-P [../inputs/uslin.1121]
t138,[5],-P [../inputs/uslin.1125]
t139,[2],-P [../inputs/uslin.1126]
t141,[2],-P [../inputs/uslin.1130]
t159,[6],-P [../inputs/uslin.1173]
t175,[3],-P [../inputs/uslin.1200]
t195,[4],-P [../inputs/uslin.125]
t199,[1],-P [../inputs/uslin.1255]
t221,[1],-P [../inputs/uslin.1291]
t222,[1],-P [../inputs/uslin.1292]
t223,[7],-P [../inputs/uslin.1294]
t247,[1],-P [../inputs/uslin.1341]
t252,[8],-P [../inputs/uslin.1353]
t275,[7],-P [../inputs/uslin.1391]
t302,[7],-P [../inputs/uslin.1435]
t316,[5],-P [../inputs/uslin.1456]
t350,[8],-P [../inputs/uslin.1507]
t362,[2],-P [../inputs/uslin.1528]
t375,[2],-P [../inputs/uslin.1552]
t389,[1],-P [../inputs/uslin.158]
t390,[6],-P [../inputs/uslin.1580]
t407,[1],-P [../inputs/uslin.1607]
t436,[3],-P [../inputs/uslin.1655]
t437,[6],-P [../inputs/uslin.1656]
t438,[4],-P [../inputs/uslin.1657]
t455,[5],-P [../inputs/uslin.1685]
t461,[6],-P [../inputs/uslin.1693]
t472,[7],-P [../inputs/uslin.1709]
t477,[1],-P [../inputs/uslin.1718]
t490,[3],-P [../inputs/uslin.1732]
t513,[5],-P [../inputs/uslin.1768]
t516,[5],-P [../inputs/uslin.1772]
t540,[5],-P [../inputs/uslin.1808]
t544,[5],-P [../inputs/uslin.1815]
t561,[7],-P [../inputs/uslin.1846]
t565,[2],-P [../inputs/uslin.1853]
t598,[6],-P [../inputs/uslin.1915]
t603,[7],-P [../inputs/uslin.1927]
t609,[2],-P [../inputs/uslin.1941]
t610,[1],-P [../inputs/uslin.1942]
t616,[3],-P [../inputs/uslin.1954]
t619,[4],-P [../inputs/uslin.196]
t625,[1],-P [../inputs/uslin.1967]
t651,[9],-P [../inputs/uslin.211]
t671,[4],-P [../inputs/uslin.240]
t672,[4],-P [../inputs/uslin.241]
t689,[8],-P [../inputs/uslin.288]
t704,[7],-P [../inputs/uslin.314]
t709,[2],-P [../inputs/uslin.324]
t712,[3],-P [../inputs/uslin.332]
t792,[1],-P [../inputs/uslin.472]
t793,[7],-P [../inputs/uslin.473]
t809,[3],-P [../inputs/uslin.499]
t810,[3],-P [../inputs/uslin.5]
t811,[3],-P [../inputs/uslin.5.noeof]
t825,[3],-P [../inputs/uslin.53]
t828,[1],-P [../inputs/uslin.532]
t837,[3],-P [../inputs/uslin.549]
t866,[6],-P [../inputs/uslin.603]
t874,[1],-P [../inputs/uslin.613]
t884,[6],-P [../inputs/uslin.637]
t885,[6],-P [../inputs/uslin.637.noeof]
t905,[2],-P [../inputs/uslin.664]
t906,[8],-P [../inputs/uslin.666]
t921,[7],-P [../inputs/uslin.692]
t934,[6],-P [../inputs/uslin.714]
t935,[5],-P [../inputs/uslin.715]
t942,[2],-P [../inputs/uslin.726]
t948,[8],-P [../inputs/uslin.733]
t951,[2],-P [../inputs/uslin.739]
t955,[4],-P [../inputs/uslin.745]
t958,[8],-P [../inputs/uslin.754]
t973,[3],-P [../inputs/uslin.792]
t974,[8],-P [../inputs/uslin.794]
t979,[5],-P [../inputs/uslin.800]
t1005,[7],-P [../inputs/uslin.842]
t1010,[1],-P [../inputs/uslin.848]
t1020,[6],-P [../inputs/uslin.861]
t1028,[8],-P [../inputs/uslin.874]
t1057,[4],-P [../inputs/uslin.916]
t1063,[4],-P [../inputs/uslin.928]
t1071,[9],-P [../inputs/uslin.939]
t1075,[6],-P [../inputs/uslin.946]
t1079,[4],-P [../inputs/uslin.950]
t1090,[2],-P [../inputs/uslin.976]
t1,[],-P [../inputs/jk1]
t3,[],-P [../inputs/jk11]
t4,[],-P [../inputs/jk12]
t5,[],-P [../inputs/jk13]
t6,[],-P [../inputs/jk14]
t7,[],-P [../inputs/jk15]
t8,[],-P [../inputs/jk16]
t9,[],-P [../inputs/jk17]
t11,[],-P [../inputs/jk19]
t13,[],-P [../inputs/jk20]
t14,[],-P [../inputs/jk21]
t15,[],-P [../inputs/jk22]
t16,[],-P [../inputs/jk23]
t17,[],-P [../inputs/jk24]
t18,[],-P [../inputs/jk25]
t19,[],-P [../inputs/jk26]
t20,[],-P [../inputs/jk27]
t21,[],-P [../inputs/jk28]
t23,[],-P [../inputs/jk3]
t24,[],-P [../inputs/jk30]
t26,[],-P [../inputs/jk32]
t27,[],-P [../inputs/jk33]
t28,[],-P [../inputs/jk34]
t29,[],-P [../inputs/jk35]
t30,[],-P [../inputs/jk36]
t32,[],-P [../inputs/jk38]
t33,[],-P [../inputs/jk39]
t34,[],-P [../inputs/jk4]
t35,[],-P [../inputs/jk40]
t36,[],-P [../inputs/jk41]
t37,[],-P [../inputs/jk42]
t38,[],-P [../inputs/jk43]
t39,[],-P [../inputs/jk44]
t41,[],-P [../inputs/jk46]
t43,[],-P [../inputs/jk48]
t44,[],-P [../inputs/jk49]
t45,[],-P [../inputs/jk5]
t47,[],-P [../inputs/jk6]
t48,[],-P [../inputs/jk7]
t50,[],-P [../inputs/jk9]
t51,[],-P [../inputs/newtst522.tst.noeof]
t52,[],-P [../inputs/tc240.noeof]
t53,[],-P [../inputs/test287.noeof]
t54,[],-P [../inputs/test330.noeof]
t55,[],-P [../inputs/test373.noeof]
t56,[],-P [../inputs/ts516.noeof]
t57,[],-P [../inputs/ts583.noeof]
t58,[],-P [../inputs/ts609.noeof]
t59,[],-P [../inputs/ts789.noeof]
t60,[],-P [../inputs/tst110.noeof]
t61,[],-P [../inputs/tst52.noeof]
t62,[],-P [../inputs/uslin.1]
t63,[],-P [../inputs/uslin.10]
t64,[],-P [../inputs/uslin.1000]
t65,[],-P [../inputs/uslin.1001]
t66,[],-P [../inputs/uslin.1003]
t67,[],-P [../inputs/uslin.1004]
t68,[],-P [../inputs/uslin.1005]
t69,[],-P [../inputs/uslin.1008]
t70,[],-P [../inputs/uslin.1009]
t71,[],-P [../inputs/uslin.1010]
t72,[],-P [../inputs/uslin.1014]
t73,[],-P [../inputs/uslin.1014.noeof]
t74,[],-P [../inputs/uslin.1015]
t75,[],-P [../inputs/uslin.1018]
t76,[],-P [../inputs/uslin.1020]
t77,[],-P [../inputs/uslin.1024]
t79,[],-P [../inputs/uslin.1030]
t80,[],-P [../inputs/uslin.1031]
t81,[],-P [../inputs/uslin.1032]
t82,[],-P [../inputs/uslin.1034]
t83,[],-P [../inputs/uslin.1035]
t84,[],-P [../inputs/uslin.1036]
t85,[],-P [../inputs/uslin.1038]
t86,[],-P [../inputs/uslin.1038.noeof]
t87,[],-P [../inputs/uslin.1039]
t88,[],-P [../inputs/uslin.1040]
t89,[],-P [../inputs/uslin.1042]
t90,[],-P [../inputs/uslin.1043]
t91,[],-P [../inputs/uslin.1045]
t92,[],-P [../inputs/uslin.1046]
t93,[],-P [../inputs/uslin.1047]
t94,[],-P [../inputs/uslin.1048]
t95,[],-P [../inputs/uslin.1049]
t96,[],-P [../inputs/uslin.105]
t97,[],-P [../inputs/uslin.1050]
t98,[],-P [../inputs/uslin.1054]
t99,[],-P [../inputs/uslin.1057]
t100,[],-P [../inputs/uslin.1059]
t101,[],-P [../inputs/uslin.106]
t102,[],-P [../inputs/uslin.1061]
t104,[],-P [../inputs/uslin.1067]
t105,[],-P [../inputs/uslin.1068]
t106,[],-P [../inputs/uslin.1069]
t107,[],-P [../inputs/uslin.107]
t108,[],-P [../inputs/uslin.1071]
t109,[],-P [../inputs/uslin.1074]
t110,[],-P [../inputs/uslin.1075]
t111,[],-P [../inputs/uslin.1076]
t112,[],-P [../inputs/uslin.1077]
t113,[],-P [../inputs/uslin.1078]
t114,[],-P [../inputs/uslin.1080]
t115,[],-P [../inputs/uslin.1082]
t116,[],-P [../inputs/uslin.1084]
t117,[],-P [../inputs/uslin.1085]
t118,[],-P [../inputs/uslin.109]
t119,[],-P [../inputs/uslin.1091]
t120,[],-P [../inputs/uslin.1092]
t121,[],-P [../inputs/uslin.1093]
t122,[],-P [../inputs/uslin.1094]
t123,[],-P [../inputs/uslin.1095]
t124,[],-P [../inputs/uslin.1096]
t125,[],-P [../inputs/uslin.1101]
t126,[],-P [../inputs/uslin.1103]
t127,[],-P [../inputs/uslin.1105]
t129,[],-P [../inputs/uslin.111]
t130,[],-P [../inputs/uslin.1112]
t132,[],-P [../inputs/uslin.1114]
t133,[],-P [../inputs/uslin.1115]
t134,[],-P [../inputs/uslin.1119]
t135,[],-P [../inputs/uslin.1120]
t137,[],-P [../inputs/uslin.1124]
t140,[],-P [../inputs/uslin.1127]
t142,[],-P [../inputs/uslin.1139]
t143,[],-P [../inputs/uslin.114]
t144,[],-P [../inputs/uslin.1140]
t145,[],-P [../inputs/uslin.1141]
t146,[],-P [../inputs/uslin.1142]
t147,[],-P [../inputs/uslin.1144]
t148,[],-P [../inputs/uslin.115]
t149,[],-P [../inputs/uslin.1155]
t150,[],-P [../inputs/uslin.1156]
t151,[],-P [../inputs/uslin.1159]
t152,[],-P [../inputs/uslin.1160]
t153,[],-P [../inputs/uslin.1162]
t154,[],-P [../inputs/uslin.1163]
t155,[],-P [../inputs/uslin.1165]
t156,[],-P [../inputs/uslin.1166]
t157,[],-P [../inputs/uslin.1167]
t158,[],-P [../inputs/uslin.117]
t160,[],-P [../inputs/uslin.1174]
t161,[],-P [../inputs/uslin.1179]
t162,[],-P [../inputs/uslin.1180]
t163,[],-P [../inputs/uslin.1182]
t164,[],-P [../inputs/uslin.1184]
t165,[],-P [../inputs/uslin.1185]
t166,[],-P [../inputs/uslin.1186]
t167,[],-P [../inputs/uslin.1187]
t168,[],-P [../inputs/uslin.1189]
t169,[],-P [../inputs/uslin.119]
t170,[],-P [../inputs/uslin.1191]
t171,[],-P [../inputs/uslin.1192]
t172,[],-P [../inputs/uslin.1193]
t173,[],-P [../inputs/uslin.1196]
t174,[],-P [../inputs/uslin.1198]
t176,[],-P [../inputs/uslin.1202]
t177,[],-P [../inputs/uslin.1206]
t178,[],-P [../inputs/uslin.1207]
t179,[],-P [../inputs/uslin.1209]
t180,[],-P [../inputs/uslin.121]
t181,[],-P [../inputs/uslin.1212]
t182,[],-P [../inputs/uslin.1217]
t183,[],-P [../inputs/uslin.1219]
t184,[],-P [../inputs/uslin.1224]
t185,[],-P [../inputs/uslin.1226]
t186,[],-P [../inputs/uslin.1233]
t187,[],-P [../inputs/uslin.1234]
t188,[],-P [../inputs/uslin.1235]
t189,[],-P [../inputs/uslin.1237]
t190,[],-P [../inputs/uslin.1239]
t191,[],-P [../inputs/uslin.1241]
t192,[],-P [../inputs/uslin.1243]
t193,[],-P [../inputs/uslin.1245]
t194,[],-P [../inputs/uslin.1246]
t196,[],-P [../inputs/uslin.1250]
t197,[],-P [../inputs/uslin.1252]
t198,[],-P [../inputs/uslin.1253]
t200,[],-P [../inputs/uslin.1256]
t201,[],-P [../inputs/uslin.1258]
t202,[],-P [../inputs/uslin.126]
t203,[],-P [../inputs/uslin.1260]
t204,[],-P [../inputs/uslin.1264]
t205,[],-P [../inputs/uslin.1265]
t206,[],-P [../inputs/uslin.1266]
t207,[],-P [../inputs/uslin.1267]
t208,[],-P [../inputs/uslin.1268]
t209,[],-P [../inputs/uslin.127]
t210,[],-P [../inputs/uslin.1270]
t211,[],-P [../inputs/uslin.1272]
t212,[],-P [../inputs/uslin.1276]
t213,[],-P [../inputs/uslin.1278]
t214,[],-P [../inputs/uslin.128]
t215,[],-P [../inputs/uslin.1281]
t216,[],-P [../inputs/uslin.1283]
t217,[],-P [../inputs/uslin.1287]
t218,[],-P [../inputs/uslin.1289]
t219,[],-P [../inputs/uslin.129]
t220,[],-P [../inputs/uslin.1290]
t224,[],-P [../inputs/uslin.1298]
t225,[],-P [../inputs/uslin.1302]
t226,[],-P [../inputs/uslin.1303]
t227,[],-P [../inputs/uslin.1305]
t228,[],-P [../inputs/uslin.1306]
t229,[],-P [../inputs/uslin.131]
t230,[],-P [../inputs/uslin.1316]
t231,[],-P [../inputs/uslin.1317]
t232,[],-P [../inputs/uslin.132]
t233,[],-P [../inputs/uslin.1321]
t234,[],-P [../inputs/uslin.1322]
t235,[],-P [../inputs/uslin.1324]
t236,[],-P [../inputs/uslin.1325]
t237,[],-P [../inputs/uslin.1327]
t239,[],-P [../inputs/uslin.1330]
t240,[],-P [../inputs/uslin.1333]
t241,[],-P [../inputs/uslin.1334]
t242,[],-P [../inputs/uslin.1335]
t243,[],-P [../inputs/uslin.1337]
t244,[],-P [../inputs/uslin.1339]
t245,[],-P [../inputs/uslin.134]
t246,[],-P [../inputs/uslin.1340]
t248,[],-P [../inputs/uslin.1342]
t249,[],-P [../inputs/uslin.1346]
t250,[],-P [../inputs/uslin.1348]
t251,[],-P [../inputs/uslin.1352]
t253,[],-P [../inputs/uslin.1354]
t254,[],-P [../inputs/uslin.1358]
t255,[],-P [../inputs/uslin.1359]
t256,[],-P [../inputs/uslin.1364]
t257,[],-P [../inputs/uslin.1368]
t258,[],-P [../inputs/uslin.137]
t259,[],-P [../inputs/uslin.1370]
t260,[],-P [../inputs/uslin.1371]
t261,[],-P [../inputs/uslin.1373]
t262,[],-P [../inputs/uslin.1374]
t264,[],-P [../inputs/uslin.1376]
t265,[],-P [../inputs/uslin.1378]
t266,[],-P [../inputs/uslin.1379]
t267,[],-P [../inputs/uslin.138]
t268,[],-P [../inputs/uslin.1380]
t269,[],-P [../inputs/uslin.1384]
t270,[],-P [../inputs/uslin.1385]
t271,[],-P [../inputs/uslin.1386]
t272,[],-P [../inputs/uslin.1389]
t273,[],-P [../inputs/uslin.139]
t274,[],-P [../inputs/uslin.1390]
t276,[],-P [../inputs/uslin.1394]
t277,[],-P [../inputs/uslin.1395]
t278,[],-P [../inputs/uslin.1398]
t279,[],-P [../inputs/uslin.1399]
t280,[],-P [../inputs/uslin.14]
t281,[],-P [../inputs/uslin.1401]
t282,[],-P [../inputs/uslin.1402]
t283,[],-P [../inputs/uslin.1406]
t284,[],-P [../inputs/uslin.1407]
t285,[],-P [../inputs/uslin.141]
t286,[],-P [../inputs/uslin.1411]
t287,[],-P [../inputs/uslin.1412]
t288,[],-P [../inputs/uslin.1414]
t289,[],-P [../inputs/uslin.1416]
t290,[],-P [../inputs/uslin.1417]
t291,[],-P [../inputs/uslin.1418]
t292,[],-P [../inputs/uslin.1419]
t293,[],-P [../inputs/uslin.1422]
t294,[],-P [../inputs/uslin.1423]
t295,[],-P [../inputs/uslin.1426]
t296,[],-P [../inputs/uslin.1427]
t297,[],-P [../inputs/uslin.1428]
t298,[],-P [../inputs/uslin.1431]
t299,[],-P [../inputs/uslin.1432]
t300,[],-P [../inputs/uslin.1433]
t301,[],-P [../inputs/uslin.1434]
t303,[],-P [../inputs/uslin.1436]
t304,[],-P [../inputs/uslin.144]
t305,[],-P [../inputs/uslin.1440]
t306,[],-P [../inputs/uslin.1444]
t307,[],-P [../inputs/uslin.1446]
t308,[],-P [../inputs/uslin.1447]
t309,[],-P [../inputs/uslin.1448]
t310,[],-P [../inputs/uslin.1449]
t311,[],-P [../inputs/uslin.1450]
t312,[],-P [../inputs/uslin.1451]
t313,[],-P [../inputs/uslin.1452]
t314,[],-P [../inputs/uslin.1453]
t315,[],-P [../inputs/uslin.1454]
t317,[],-P [../inputs/uslin.1458]
t318,[],-P [../inputs/uslin.146]
t319,[],-P [../inputs/uslin.1460]
t320,[],-P [../inputs/uslin.1462]
t321,[],-P [../inputs/uslin.1463]
t323,[],-P [../inputs/uslin.1465]
t324,[],-P [../inputs/uslin.1466]
t325,[],-P [../inputs/uslin.1467]
t326,[],-P [../inputs/uslin.1471]
t327,[],-P [../inputs/uslin.1472]
t328,[],-P [../inputs/uslin.1473]
t329,[],-P [../inputs/uslin.1474]
t330,[],-P [../inputs/uslin.1477]
t331,[],-P [../inputs/uslin.1478]
t332,[],-P [../inputs/uslin.1479]
t333,[],-P [../inputs/uslin.148]
t334,[],-P [../inputs/uslin.1481]
t335,[],-P [../inputs/uslin.1482]
t336,[],-P [../inputs/uslin.1484]
t337,[],-P [../inputs/uslin.1485]
t338,[],-P [../inputs/uslin.1487]
t339,[],-P [../inputs/uslin.1488]
t340,[],-P [../inputs/uslin.1489]
t341,[],-P [../inputs/uslin.149]
t342,[],-P [../inputs/uslin.1495]
t343,[],-P [../inputs/uslin.1498]
t344,[],-P [../inputs/uslin.1499]
t345,[],-P [../inputs/uslin.150]
t346,[],-P [../inputs/uslin.1500]
t347,[],-P [../inputs/uslin.1503]
t348,[],-P [../inputs/uslin.1505]
t349,[],-P [../inputs/uslin.1506]
t351,[],-P [../inputs/uslin.1508]
t352,[],-P [../inputs/uslin.1511]
t353,[],-P [../inputs/uslin.1512]
t354,[],-P [../inputs/uslin.1513]
t355,[],-P [../inputs/uslin.1514]
t356,[],-P [../inputs/uslin.1515]
t357,[],-P [../inputs/uslin.152]
t358,[],-P [../inputs/uslin.1520]
t359,[],-P [../inputs/uslin.1521]
t360,[],-P [../inputs/uslin.1522]
t361,[],-P [../inputs/uslin.1523]
t363,[],-P [../inputs/uslin.1531]
t364,[],-P [../inputs/uslin.1533]
t365,[],-P [../inputs/uslin.1535]
t366,[],-P [../inputs/uslin.1536]
t367,[],-P [../inputs/uslin.1537]
t368,[],-P [../inputs/uslin.1540]
t369,[],-P [../inputs/uslin.1543]
t370,[],-P [../inputs/uslin.1544]
t371,[],-P [../inputs/uslin.1545]
t372,[],-P [../inputs/uslin.1547]
t373,[],-P [../inputs/uslin.1548]
t374,[],-P [../inputs/uslin.1550]
t376,[],-P [../inputs/uslin.1553]
t377,[],-P [../inputs/uslin.1555]
t378,[],-P [../inputs/uslin.1558]
t379,[],-P [../inputs/uslin.156]
t380,[],-P [../inputs/uslin.1560]
t381,[],-P [../inputs/uslin.1561]
t382,[],-P [../inputs/uslin.1564]
t383,[],-P [../inputs/uslin.1568]
t384,[],-P [../inputs/uslin.1571]
t385,[],-P [../inputs/uslin.1573]
t386,[],-P [../inputs/uslin.1574]
t387,[],-P [../inputs/uslin.1575]
t388,[],-P [../inputs/uslin.1577]
t391,[],-P [../inputs/uslin.1581]
t392,[],-P [../inputs/uslin.1582]
t394,[],-P [../inputs/uslin.1585]
t395,[],-P [../inputs/uslin.1586]
t396,[],-P [../inputs/uslin.159]
t397,[],-P [../inputs/uslin.1590]
t398,[],-P [../inputs/uslin.1591]
t399,[],-P [../inputs/uslin.1592]
t400,[],-P [../inputs/uslin.1594]
t401,[],-P [../inputs/uslin.1595]
t402,[],-P [../inputs/uslin.1597]
t403,[],-P [../inputs/uslin.1601]
t404,[],-P [../inputs/uslin.1602]
t405,[],-P [../inputs/uslin.1603]
t406,[],-P [../inputs/uslin.1606]
t408,[],-P [../inputs/uslin.1608]
t409,[],-P [../inputs/uslin.1610]
t410,[],-P [../inputs/uslin.1614]
t411,[],-P [../inputs/uslin.1617]
t412,[],-P [../inputs/uslin.1618]
t413,[],-P [../inputs/uslin.1619]
t414,[],-P [../inputs/uslin.1620]
t415,[],-P [../inputs/uslin.1623]
t416,[],-P [../inputs/uslin.1624]
t417,[],-P [../inputs/uslin.1625]
t418,[],-P [../inputs/uslin.1626]
t419,[],-P [../inputs/uslin.1629]
t420,[],-P [../inputs/uslin.1630]
t421,[],-P [../inputs/uslin.1631]
t422,[],-P [../inputs/uslin.1632]
t423,[],-P [../inputs/uslin.1634]
t424,[],-P [../inputs/uslin.1635]
t425,[],-P [../inputs/uslin.1637]
t426,[],-P [../inputs/uslin.1638]
t427,[],-P [../inputs/uslin.1641]
t428,[],-P [../inputs/uslin.1644]
t429,[],-P [../inputs/uslin.1645]
t430,[],-P [../inputs/uslin.1646]
t431,[],-P [../inputs/uslin.165]
t432,[],-P [../inputs/uslin.1651]
t433,[],-P [../inputs/uslin.1652]
t434,[],-P [../inputs/uslin.1653]
t435,[],-P [../inputs/uslin.1654]
t439,[],-P [../inputs/uslin.166]
t440,[],-P [../inputs/uslin.1661]
t441,[],-P [../inputs/uslin.1662]
t442,[],-P [../inputs/uslin.1663]
t443,[],-P [../inputs/uslin.1664]
t444,[],-P [../inputs/uslin.1665]
t445,[],-P [../inputs/uslin.167]
t446,[],-P [../inputs/uslin.1673]
t447,[],-P [../inputs/uslin.1674]
t448,[],-P [../inputs/uslin.1677]
t449,[],-P [../inputs/uslin.1678]
t450,[],-P [../inputs/uslin.168]
t451,[],-P [../inputs/uslin.1680]
t452,[],-P [../inputs/uslin.1682]
t453,[],-P [../inputs/uslin.1683]
t454,[],-P [../inputs/uslin.1684]
t456,[],-P [../inputs/uslin.1687]
t457,[],-P [../inputs/uslin.1688]
t458,[],-P [../inputs/uslin.1689]
t459,[],-P [../inputs/uslin.1690]
t460,[],-P [../inputs/uslin.1692]
t463,[],-P [../inputs/uslin.1697]
t464,[],-P [../inputs/uslin.1699]
t465,[],-P [../inputs/uslin.1700]
t466,[],-P [../inputs/uslin.1701]
t467,[],-P [../inputs/uslin.1703]
t468,[],-P [../inputs/uslin.1704]
t469,[],-P [../inputs/uslin.1705]
t470,[],-P [../inputs/uslin.1706]
t471,[],-P [../inputs/uslin.1708]
t473,[],-P [../inputs/uslin.1713]
t474,[],-P [../inputs/uslin.1714]
t475,[],-P [../inputs/uslin.1715]
t476,[],-P [../inputs/uslin.1717]
t478,[],-P [../inputs/uslin.1719]
t479,[],-P [../inputs/uslin.172]
t480,[],-P [../inputs/uslin.1720]
t481,[],-P [../inputs/uslin.1721]
t482,[],-P [../inputs/uslin.1722]
t483,[],-P [../inputs/uslin.1723]
t484,[],-P [../inputs/uslin.1725]
t485,[],-P [../inputs/uslin.1726]
t486,[],-P [../inputs/uslin.1727]
t487,[],-P [../inputs/uslin.1729]
t488,[],-P [../inputs/uslin.173]
t489,[],-P [../inputs/uslin.1731]
t491,[],-P [../inputs/uslin.1733]
t492,[],-P [../inputs/uslin.1734]
t493,[],-P [../inputs/uslin.1736]
t494,[],-P [../inputs/uslin.1739]
t495,[],-P [../inputs/uslin.174]
t496,[],-P [../inputs/uslin.1741]
t497,[],-P [../inputs/uslin.1743]
t498,[],-P [../inputs/uslin.1745]
t499,[],-P [../inputs/uslin.1746]
t500,[],-P [../inputs/uslin.1747]
t501,[],-P [../inputs/uslin.1748]
t502,[],-P [../inputs/uslin.1749]
t503,[],-P [../inputs/uslin.1750]
t504,[],-P [../inputs/uslin.1751]
t505,[],-P [../inputs/uslin.1757]
t506,[],-P [../inputs/uslin.1758]
t507,[],-P [../inputs/uslin.1759]
t508,[],-P [../inputs/uslin.1761]
t509,[],-P [../inputs/uslin.1763]
t510,[],-P [../inputs/uslin.1765]
t511,[],-P [../inputs/uslin.1766]
t512,[],-P [../inputs/uslin.1767]
t514,[],-P [../inputs/uslin.1769]
t515,[],-P [../inputs/uslin.1770]
t517,[],-P [../inputs/uslin.1775]
t518,[],-P [../inputs/uslin.1777]
t519,[],-P [../inputs/uslin.1779]
t520,[],-P [../inputs/uslin.178]
t521,[],-P [../inputs/uslin.1780]
t522,[],-P [../inputs/uslin.1781]
t523,[],-P [../inputs/uslin.1784]
t524,[],-P [../inputs/uslin.1786]
t525,[],-P [../inputs/uslin.1788]
t526,[],-P [../inputs/uslin.179]
t527,[],-P [../inputs/uslin.1790]
t528,[],-P [../inputs/uslin.1791]
t529,[],-P [../inputs/uslin.1795]
t530,[],-P [../inputs/uslin.1796]
t531,[],-P [../inputs/uslin.1797]
t532,[],-P [../inputs/uslin.1799]
t533,[],-P [../inputs/uslin.18]
t534,[],-P [../inputs/uslin.180]
t535,[],-P [../inputs/uslin.1801]
t536,[],-P [../inputs/uslin.1803]
t537,[],-P [../inputs/uslin.1804]
t538,[],-P [../inputs/uslin.1805]
t539,[],-P [../inputs/uslin.1807]
t541,[],-P [../inputs/uslin.1810]
t542,[],-P [../inputs/uslin.1811]
t543,[],-P [../inputs/uslin.1813]
t545,[],-P [../inputs/uslin.1817]
t546,[],-P [../inputs/uslin.1820]
t547,[],-P [../inputs/uslin.1822]
t548,[],-P [../inputs/uslin.1824]
t549,[],-P [../inputs/uslin.1825]
t550,[],-P [../inputs/uslin.1826]
t551,[],-P [../inputs/uslin.1828]
t552,[],-P [../inputs/uslin.183]
t554,[],-P [../inputs/uslin.1833]
t555,[],-P [../inputs/uslin.1834]
t556,[],-P [../inputs/uslin.1840]
t557,[],-P [../inputs/uslin.1841]
t558,[],-P [../inputs/uslin.1842]
t559,[],-P [../inputs/uslin.1843]
t560,[],-P [../inputs/uslin.1844]
t562,[],-P [../inputs/uslin.1849]
t563,[],-P [../inputs/uslin.1851]
t564,[],-P [../inputs/uslin.1852]
t566,[],-P [../inputs/uslin.1854]
t567,[],-P [../inputs/uslin.1857]
t568,[],-P [../inputs/uslin.1857.noeof]
t569,[],-P [../inputs/uslin.1859]
t570,[],-P [../inputs/uslin.186]
t571,[],-P [../inputs/uslin.1860]
t572,[],-P [../inputs/uslin.1861]
t573,[],-P [../inputs/uslin.1864]
t574,[],-P [../inputs/uslin.1866]
t575,[],-P [../inputs/uslin.1867]
t576,[],-P [../inputs/uslin.1868]
t577,[],-P [../inputs/uslin.1869]
t578,[],-P [../inputs/uslin.187]
t579,[],-P [../inputs/uslin.1870]
t580,[],-P [../inputs/uslin.1875]
t581,[],-P [../inputs/uslin.1879]
t582,[],-P [../inputs/uslin.1883]
t583,[],-P [../inputs/uslin.1884]
t584,[],-P [../inputs/uslin.1888]
t585,[],-P [../inputs/uslin.1889]
t586,[],-P [../inputs/uslin.1890]
t587,[],-P [../inputs/uslin.1894]
t588,[],-P [../inputs/uslin.1899]
t589,[],-P [../inputs/uslin.19]
t590,[],-P [../inputs/uslin.1900]
t591,[],-P [../inputs/uslin.1901]
t592,[],-P [../inputs/uslin.1902]
t593,[],-P [../inputs/uslin.1904]
t594,[],-P [../inputs/uslin.1906]
t595,[],-P [../inputs/uslin.1909]
t596,[],-P [../inputs/uslin.1910]
t597,[],-P [../inputs/uslin.1911]
t599,[],-P [../inputs/uslin.1919]
t600,[],-P [../inputs/uslin.192]
t601,[],-P [../inputs/uslin.1921]
t602,[],-P [../inputs/uslin.1923]
t604,[],-P [../inputs/uslin.1928]
t605,[],-P [../inputs/uslin.1930]
t606,[],-P [../inputs/uslin.1939]
t607,[],-P [../inputs/uslin.194]
t608,[],-P [../inputs/uslin.1940]
t611,[],-P [../inputs/uslin.1943]
t612,[],-P [../inputs/uslin.1949]
t613,[],-P [../inputs/uslin.1951]
t614,[],-P [../inputs/uslin.1952]
t615,[],-P [../inputs/uslin.1953]
t617,[],-P [../inputs/uslin.1956]
t618,[],-P [../inputs/uslin.1957]
t620,[],-P [../inputs/uslin.1960]
t621,[],-P [../inputs/uslin.1962]
t622,[],-P [../inputs/uslin.1963]
t623,[],-P [../inputs/uslin.1965]
t624,[],-P [../inputs/uslin.1966]
t626,[],-P [../inputs/uslin.1968]
t627,[],-P [../inputs/uslin.1969]
t628,[],-P [../inputs/uslin.197]
t629,[],-P [../inputs/uslin.1973]
t630,[],-P [../inputs/uslin.1976]
t631,[],-P [../inputs/uslin.1977]
t632,[],-P [../inputs/uslin.1978]
t633,[],-P [../inputs/uslin.198]
t634,[],-P [../inputs/uslin.1980]
t635,[],-P [../inputs/uslin.1981]
t636,[],-P [../inputs/uslin.1982]
t637,[],-P [../inputs/uslin.1983]
t638,[],-P [../inputs/uslin.1984.noeof]
t639,[],-P [../inputs/uslin.1986]
t640,[],-P [../inputs/uslin.1987]
t641,[],-P [../inputs/uslin.199]
t642,[],-P [../inputs/uslin.1991]
t643,[],-P [../inputs/uslin.1992]
t644,[],-P [../inputs/uslin.1993]
t645,[],-P [../inputs/uslin.1994]
t646,[],-P [../inputs/uslin.1996]
t647,[],-P [../inputs/uslin.200]
t648,[],-P [../inputs/uslin.202]
t649,[],-P [../inputs/uslin.203]
t650,[],-P [../inputs/uslin.205]
t652,[],-P [../inputs/uslin.212]
t653,[],-P [../inputs/uslin.216]
t654,[],-P [../inputs/uslin.217]
t655,[],-P [../inputs/uslin.218]
t657,[],-P [../inputs/uslin.220]
t658,[],-P [../inputs/uslin.221]
t660,[],-P [../inputs/uslin.223]
t661,[],-P [../inputs/uslin.224]
t662,[],-P [../inputs/uslin.227]
t663,[],-P [../inputs/uslin.228]
t664,[],-P [../inputs/uslin.229]
t665,[],-P [../inputs/uslin.23]
t666,[],-P [../inputs/uslin.231]
t667,[],-P [../inputs/uslin.232]
t668,[],-P [../inputs/uslin.235]
t669,[],-P [../inputs/uslin.236]
t670,[],-P [../inputs/uslin.24]
t673,[],-P [../inputs/uslin.242]
t674,[],-P [../inputs/uslin.250]
t675,[],-P [../inputs/uslin.253]
t676,[],-P [../inputs/uslin.255]
t678,[],-P [../inputs/uslin.26]
t679,[],-P [../inputs/uslin.261]
t680,[],-P [../inputs/uslin.262]
t681,[],-P [../inputs/uslin.263]
t682,[],-P [../inputs/uslin.265]
t683,[],-P [../inputs/uslin.269]
t684,[],-P [../inputs/uslin.273]
t685,[],-P [../inputs/uslin.274]
t686,[],-P [../inputs/uslin.278]
t687,[],-P [../inputs/uslin.279]
t688,[],-P [../inputs/uslin.285]
t690,[],-P [../inputs/uslin.29]
t691,[],-P [../inputs/uslin.290]
t692,[],-P [../inputs/uslin.291]
t693,[],-P [../inputs/uslin.292]
t694,[],-P [../inputs/uslin.293]
t695,[],-P [../inputs/uslin.3]
t696,[],-P [../inputs/uslin.300]
t697,[],-P [../inputs/uslin.303]
t698,[],-P [../inputs/uslin.304]
t699,[],-P [../inputs/uslin.308]
t700,[],-P [../inputs/uslin.309]
t701,[],-P [../inputs/uslin.310]
t702,[],-P [../inputs/uslin.312]
t703,[],-P [../inputs/uslin.313]
t705,[],-P [../inputs/uslin.315]
t706,[],-P [../inputs/uslin.316]
t707,[],-P [../inputs/uslin.317]
t708,[],-P [../inputs/uslin.32]
t710,[],-P [../inputs/uslin.328]
t711,[],-P [../inputs/uslin.331]
t713,[],-P [../inputs/uslin.336]
t714,[],-P [../inputs/uslin.341]
t715,[],-P [../inputs/uslin.342]
t716,[],-P [../inputs/uslin.346]
t717,[],-P [../inputs/uslin.347]
t718,[],-P [../inputs/uslin.35]
t719,[],-P [../inputs/uslin.351]
t720,[],-P [../inputs/uslin.354]
t721,[],-P [../inputs/uslin.356]
t722,[],-P [../inputs/uslin.357]
t723,[],-P [../inputs/uslin.358]
t724,[],-P [../inputs/uslin.359]
t725,[],-P [../inputs/uslin.361]
t726,[],-P [../inputs/uslin.364]
t727,[],-P [../inputs/uslin.365]
t728,[],-P [../inputs/uslin.366]
t729,[],-P [../inputs/uslin.368]
t730,[],-P [../inputs/uslin.370]
t731,[],-P [../inputs/uslin.371]
t732,[],-P [../inputs/uslin.373]
t733,[],-P [../inputs/uslin.374]
t734,[],-P [../inputs/uslin.375]
t735,[],-P [../inputs/uslin.376]
t736,[],-P [../inputs/uslin.38]
t737,[],-P [../inputs/uslin.381]
t738,[],-P [../inputs/uslin.382]
t739,[],-P [../inputs/uslin.384]
t740,[],-P [../inputs/uslin.385]
t741,[],-P [../inputs/uslin.389]
t742,[],-P [../inputs/uslin.39]
t743,[],-P [../inputs/uslin.390]
t744,[],-P [../inputs/uslin.391]
t745,[],-P [../inputs/uslin.393]
t746,[],-P [../inputs/uslin.394]
t747,[],-P [../inputs/uslin.396.noeof]
t748,[],-P [../inputs/uslin.397]
t749,[],-P [../inputs/uslin.400]
t750,[],-P [../inputs/uslin.401]
t751,[],-P [../inputs/uslin.403]
t752,[],-P [../inputs/uslin.404]
t753,[],-P [../inputs/uslin.405]
t754,[],-P [../inputs/uslin.406]
t755,[],-P [../inputs/uslin.408]
t756,[],-P [../inputs/uslin.409]
t757,[],-P [../inputs/uslin.410]
t758,[],-P [../inputs/uslin.411]
t759,[],-P [../inputs/uslin.414]
t762,[],-P [../inputs/uslin.417]
t763,[],-P [../inputs/uslin.420]
t764,[],-P [../inputs/uslin.422]
t765,[],-P [../inputs/uslin.426]
t766,[],-P [../inputs/uslin.427]
t767,[],-P [../inputs/uslin.429]
t768,[],-P [../inputs/uslin.43]
t769,[],-P [../inputs/uslin.431]
t770,[],-P [../inputs/uslin.437]
t771,[],-P [../inputs/uslin.439]
t773,[],-P [../inputs/uslin.440]
t774,[],-P [../inputs/uslin.441.noeof]
t775,[],-P [../inputs/uslin.443]
t776,[],-P [../inputs/uslin.444]
t777,[],-P [../inputs/uslin.445]
t778,[],-P [../inputs/uslin.446]
t779,[],-P [../inputs/uslin.45]
t780,[],-P [../inputs/uslin.452]
t781,[],-P [../inputs/uslin.453]
t782,[],-P [../inputs/uslin.454]
t783,[],-P [../inputs/uslin.458]
t784,[],-P [../inputs/uslin.46]
t785,[],-P [../inputs/uslin.460]
t786,[],-P [../inputs/uslin.461]
t787,[],-P [../inputs/uslin.464]
t788,[],-P [../inputs/uslin.465]
t789,[],-P [../inputs/uslin.466]
t790,[],-P [../inputs/uslin.470]
t791,[],-P [../inputs/uslin.471]
t794,[],-P [../inputs/uslin.474]
t795,[],-P [../inputs/uslin.478]
t796,[],-P [../inputs/uslin.481]
t797,[],-P [../inputs/uslin.482]
t798,[],-P [../inputs/uslin.484]
t799,[],-P [../inputs/uslin.485]
t800,[],-P [../inputs/uslin.486]
t801,[],-P [../inputs/uslin.488]
t802,[],-P [../inputs/uslin.49]
t803,[],-P [../inputs/uslin.490]
t804,[],-P [../inputs/uslin.491]
t805,[],-P [../inputs/uslin.492]
t806,[],-P [../inputs/uslin.495]
t807,[],-P [../inputs/uslin.497]
t808,[],-P [../inputs/uslin.498]
t812,[],-P [../inputs/uslin.500]
t814,[],-P [../inputs/uslin.503]
t815,[],-P [../inputs/uslin.505]
t816,[],-P [../inputs/uslin.508]
t817,[],-P [../inputs/uslin.509]
t818,[],-P [../inputs/uslin.51]
t819,[],-P [../inputs/uslin.516]
t820,[],-P [../inputs/uslin.517]
t821,[],-P [../inputs/uslin.521]
t822,[],-P [../inputs/uslin.523]
t823,[],-P [../inputs/uslin.524]
t824,[],-P [../inputs/uslin.529]
t826,[],-P [../inputs/uslin.530]
t827,[],-P [../inputs/uslin.531]
t829,[],-P [../inputs/uslin.535]
t830,[],-P [../inputs/uslin.536]
t831,[],-P [../inputs/uslin.541]
t832,[],-P [../inputs/uslin.542]
t833,[],-P [../inputs/uslin.545]
t834,[],-P [../inputs/uslin.546]
t835,[],-P [../inputs/uslin.547]
t836,[],-P [../inputs/uslin.548]
t838,[],-P [../inputs/uslin.55]
t839,[],-P [../inputs/uslin.550]
t840,[],-P [../inputs/uslin.551]
t841,[],-P [../inputs/uslin.554]
t842,[],-P [../inputs/uslin.555]
t843,[],-P [../inputs/uslin.556]
t844,[],-P [../inputs/uslin.559]
t845,[],-P [../inputs/uslin.56]
t846,[],-P [../inputs/uslin.560]
t847,[],-P [../inputs/uslin.561]
t848,[],-P [../inputs/uslin.563]
t849,[],-P [../inputs/uslin.564]
t850,[],-P [../inputs/uslin.565]
t851,[],-P [../inputs/uslin.567]
t852,[],-P [../inputs/uslin.57]
t853,[],-P [../inputs/uslin.575]
t854,[],-P [../inputs/uslin.578]
t855,[],-P [../inputs/uslin.587]
t856,[],-P [../inputs/uslin.588]
t857,[],-P [../inputs/uslin.589]
t858,[],-P [../inputs/uslin.59]
t859,[],-P [../inputs/uslin.590]
t860,[],-P [../inputs/uslin.591]
t861,[],-P [../inputs/uslin.595]
t862,[],-P [../inputs/uslin.599]
t863,[],-P [../inputs/uslin.6]
t864,[],-P [../inputs/uslin.600]
t865,[],-P [../inputs/uslin.601]
t867,[],-P [../inputs/uslin.604]
t868,[],-P [../inputs/uslin.606]
t869,[],-P [../inputs/uslin.608]
t870,[],-P [../inputs/uslin.609]
t871,[],-P [../inputs/uslin.61]
t872,[],-P [../inputs/uslin.610]
t873,[],-P [../inputs/uslin.612]
t875,[],-P [../inputs/uslin.618]
t876,[],-P [../inputs/uslin.620]
t877,[],-P [../inputs/uslin.622]
t878,[],-P [../inputs/uslin.628]
t879,[],-P [../inputs/uslin.629]
t880,[],-P [../inputs/uslin.631]
t881,[],-P [../inputs/uslin.632]
t882,[],-P [../inputs/uslin.634]
t883,[],-P [../inputs/uslin.635]
t886,[],-P [../inputs/uslin.638]
t887,[],-P [../inputs/uslin.639]
t888,[],-P [../inputs/uslin.639.noeof]
t889,[],-P [../inputs/uslin.641]
t890,[],-P [../inputs/uslin.643]
t891,[],-P [../inputs/uslin.644]
t892,[],-P [../inputs/uslin.645]
t893,[],-P [../inputs/uslin.646]
t894,[],-P [../inputs/uslin.649]
t895,[],-P [../inputs/uslin.65]
t896,[],-P [../inputs/uslin.651]
t897,[],-P [../inputs/uslin.652]
t898,[],-P [../inputs/uslin.653]
t899,[],-P [../inputs/uslin.654]
t900,[],-P [../inputs/uslin.657]
t901,[],-P [../inputs/uslin.658]
t902,[],-P [../inputs/uslin.66]
t903,[],-P [../inputs/uslin.660]
t904,[],-P [../inputs/uslin.661]
t907,[],-P [../inputs/uslin.667]
t908,[],-P [../inputs/uslin.671]
t909,[],-P [../inputs/uslin.672]
t910,[],-P [../inputs/uslin.675]
t911,[],-P [../inputs/uslin.678]
t912,[],-P [../inputs/uslin.681]
t913,[],-P [../inputs/uslin.683]
t914,[],-P [../inputs/uslin.684]
t915,[],-P [../inputs/uslin.685]
t916,[],-P [../inputs/uslin.687]
t918,[],-P [../inputs/uslin.689]
t919,[],-P [../inputs/uslin.69]
t920,[],-P [../inputs/uslin.690]
t922,[],-P [../inputs/uslin.693]
t923,[],-P [../inputs/uslin.694]
t924,[],-P [../inputs/uslin.696]
t925,[],-P [../inputs/uslin.697]
t926,[],-P [../inputs/uslin.698]
t927,[],-P [../inputs/uslin.699]
t928,[],-P [../inputs/uslin.700]
t929,[],-P [../inputs/uslin.702]
t930,[],-P [../inputs/uslin.703]
t931,[],-P [../inputs/uslin.705]
t932,[],-P [../inputs/uslin.707]
t933,[],-P [../inputs/uslin.710]
t936,[],-P [../inputs/uslin.718]
t937,[],-P [../inputs/uslin.720]
t938,[],-P [../inputs/uslin.722]
t939,[],-P [../inputs/uslin.724]
t940,[],-P [../inputs/uslin.724.noeof]
t941,[],-P [../inputs/uslin.725]
t943,[],-P [../inputs/uslin.729]
t944,[],-P [../inputs/uslin.73]
t945,[],-P [../inputs/uslin.730]
t946,[],-P [../inputs/uslin.731]
t947,[],-P [../inputs/uslin.732]
t949,[],-P [../inputs/uslin.735]
t950,[],-P [../inputs/uslin.737]
t952,[],-P [../inputs/uslin.740]
t953,[],-P [../inputs/uslin.741]
t954,[],-P [../inputs/uslin.743]
t956,[],-P [../inputs/uslin.749]
t957,[],-P [../inputs/uslin.750]
t959,[],-P [../inputs/uslin.755]
t960,[],-P [../inputs/uslin.757]
t961,[],-P [../inputs/uslin.759]
t962,[],-P [../inputs/uslin.762]
t963,[],-P [../inputs/uslin.763]
t964,[],-P [../inputs/uslin.764]
t965,[],-P [../inputs/uslin.77.noeof]
t966,[],-P [../inputs/uslin.770]
t967,[],-P [../inputs/uslin.771]
t968,[],-P [../inputs/uslin.774]
t969,[],-P [../inputs/uslin.780]
t970,[],-P [../inputs/uslin.782]
t971,[],-P [../inputs/uslin.783]
t972,[],-P [../inputs/uslin.785]
t975,[],-P [../inputs/uslin.795]
t976,[],-P [../inputs/uslin.796]
t977,[],-P [../inputs/uslin.797]
t978,[],-P [../inputs/uslin.799]
t980,[],-P [../inputs/uslin.801]
t981,[],-P [../inputs/uslin.802]
t982,[],-P [../inputs/uslin.804]
t983,[],-P [../inputs/uslin.805]
t984,[],-P [../inputs/uslin.806]
t985,[],-P [../inputs/uslin.809]
t986,[],-P [../inputs/uslin.81]
t987,[],-P [../inputs/uslin.810]
t988,[],-P [../inputs/uslin.812]
t989,[],-P [../inputs/uslin.813]
t990,[],-P [../inputs/uslin.815]
t991,[],-P [../inputs/uslin.817]
t992,[],-P [../inputs/uslin.819]
t993,[],-P [../inputs/uslin.820]
t994,[],-P [../inputs/uslin.822]
t995,[],-P [../inputs/uslin.824]
t996,[],-P [../inputs/uslin.826]
t997,[],-P [../inputs/uslin.827]
t998,[],-P [../inputs/uslin.830]
t999,[],-P [../inputs/uslin.833]
t1000,[],-P [../inputs/uslin.835]
t1001,[],-P [../inputs/uslin.838]
t1002,[],-P [../inputs/uslin.839]
t1003,[],-P [../inputs/uslin.84]
t1004,[],-P [../inputs/uslin.841]
t1006,[],-P [../inputs/uslin.844]
t1007,[],-P [../inputs/uslin.845]
t1008,[],-P [../inputs/uslin.846]
t1009,[],-P [../inputs/uslin.847]
t1011,[],-P [../inputs/uslin.849]
t1012,[],-P [../inputs/uslin.850]
t1013,[],-P [../inputs/uslin.852]
t1014,[],-P [../inputs/uslin.853]
t1015,[],-P [../inputs/uslin.854]
t1016,[],-P [../inputs/uslin.856]
t1017,[],-P [../inputs/uslin.857]
t1018,[],-P [../inputs/uslin.859]
t1019,[],-P [../inputs/uslin.86]
t1021,[],-P [../inputs/uslin.863]
t1022,[],-P [../inputs/uslin.867]
t1023,[],-P [../inputs/uslin.868]
t1024,[],-P [../inputs/uslin.869]
t1025,[],-P [../inputs/uslin.870]
t1026,[],-P [../inputs/uslin.870.noeof]
t1027,[],-P [../inputs/uslin.873]
t1029,[],-P [../inputs/uslin.877]
t1030,[],-P [../inputs/uslin.878]
t1031,[],-P [../inputs/uslin.879]
t1032,[],-P [../inputs/uslin.881]
t1033,[],-P [../inputs/uslin.882]
t1034,[],-P [../inputs/uslin.883]
t1036,[],-P [../inputs/uslin.885]
t1037,[],-P [../inputs/uslin.885.noeof]
t1038,[],-P [../inputs/uslin.886]
t1039,[],-P [../inputs/uslin.887]
t1040,[],-P [../inputs/uslin.889]
t1041,[],-P [../inputs/uslin.890]
t1042,[],-P [../inputs/uslin.891]
t1043,[],-P [../inputs/uslin.893]
t1044,[],-P [../inputs/uslin.894]
t1045,[],-P [../inputs/uslin.897]
t1046,[],-P [../inputs/uslin.899]
t1047,[],-P [../inputs/uslin.90]
t1048,[],-P [../inputs/uslin.900]
t1049,[],-P [../inputs/uslin.901]
t1050,[],-P [../inputs/uslin.902]
t1051,[],-P [../inputs/uslin.907]
t1052,[],-P [../inputs/uslin.908]
t1053,[],-P [../inputs/uslin.909]
t1054,[],-P [../inputs/uslin.91]
t1055,[],-P [../inputs/uslin.911]
t1056,[],-P [../inputs/uslin.912]
t1058,[],-P [../inputs/uslin.917]
t1059,[],-P [../inputs/uslin.918]
t1060,[],-P [../inputs/uslin.919]
t1061,[],-P [../inputs/uslin.921]
t1062,[],-P [../inputs/uslin.925]
t1064,[],-P [../inputs/uslin.929]
t1065,[],-P [../inputs/uslin.931]
t1066,[],-P [../inputs/uslin.932]
t1067,[],-P [../inputs/uslin.934]
t1069,[],-P [../inputs/uslin.936]
t1070,[],-P [../inputs/uslin.938]
t1072,[],-P [../inputs/uslin.940]
t1073,[],-P [../inputs/uslin.941]
t1077,[],-P [../inputs/uslin.948]
t1078,[],-P [../inputs/uslin.95]
t1080,[],-P [../inputs/uslin.951]
t1081,[],-P [../inputs/uslin.952]
t1082,[],-P [../inputs/uslin.956]
t1083,[],-P [../inputs/uslin.959]
t1084,[],-P [../inputs/uslin.963]
t1085,[],-P [../inputs/uslin.965]
t1086,[],-P [../inputs/uslin.967]
t1087,[],-P [../inputs/uslin.970]
t1088,[],-P [../inputs/uslin.972]
t1089,[],-P [../inputs/uslin.975]
t1091,[],-P [../inputs/uslin.977]
t1092,[],-P [../inputs/uslin.979]
t1093,[],-P [../inputs/uslin.980]
t1094,[],-P [../inputs/uslin.983]
t1095,[],-P [../inputs/uslin.985]
t1096,[],-P [../inputs/uslin.986]
t1097,[],-P [../inputs/uslin.988]
t1098,[],-P [../inputs/uslin.990]
t1099,[],-P [../inputs/uslin.997]
t1100,[],-P [../inputs/uslin.998]
